label_id	anchor_x	anchor_y	anchor_z	bb_min_x	bb_min_y	bb_min_z	bb_max_x	bb_max_y	bb_max_z	n_pixels
1	179.87	136.03	0.00	174.08	130.56	0.00	187.00	142.12	4.00	240
2	185.06	64.16	0.00	174.76	53.72	0.00	200.60	74.12	4.00	708
3	185.78	81.61	0.00	180.20	73.44	0.00	190.40	91.80	4.00	289
4	187.60	100.98	0.00	181.56	91.12	0.00	194.48	111.52	4.00	441
5	195.54	51.07	0.00	184.28	38.08	0.00	204.68	67.32	4.00	908
6	195.06	25.20	0.00	185.64	11.56	0.00	203.32	39.44	4.00	832
7	192.81	115.48	0.00	185.64	108.12	0.00	200.60	123.76	4.00	323
8	191.00	135.92	0.00	185.64	126.48	0.00	197.20	148.24	4.00	349
9	196.24	78.69	0.00	189.72	67.32	0.00	204.00	91.80	4.00	551
10	204.26	92.38	0.00	191.76	66.64	0.00	216.92	114.92	4.00	1421
11	198.94	125.58	0.00	191.76	120.36	0.00	206.04	131.24	4.00	221
12	201.93	141.45	0.00	193.80	130.56	0.00	212.84	150.96	4.00	525
13	204.79	6.01	0.00	199.24	0.00	0.00	210.80	14.28	4.00	232
14	209.83	119.56	0.00	199.92	111.52	0.00	219.64	127.16	4.00	452
15	210.93	28.19	0.00	202.64	13.60	0.00	224.40	44.88	4.00	873
16	208.41	52.04	0.00	202.64	40.12	0.00	216.92	66.64	4.00	493
17	211.41	134.26	0.00	202.64	124.44	0.00	218.28	145.52	4.00	452
18	225.09	11.95	0.00	206.72	0.00	0.00	239.36	25.16	4.00	1167
19	220.10	60.79	0.00	206.72	51.00	0.00	232.56	68.00	4.00	598
20	217.21	158.11	0.00	206.72	144.16	0.00	231.88	168.64	4.00	863
21	215.85	2.51	0.00	207.40	0.00	0.00	227.12	8.16	4.00	206
22	222.72	73.87	0.00	210.12	67.32	0.00	232.56	82.96	4.00	530
23	220.15	87.21	0.00	210.80	80.92	0.00	231.88	94.52	4.00	402
24	221.69	98.62	0.00	210.80	88.40	0.00	240.04	111.52	4.00	756
25	223.09	173.57	0.00	212.16	166.60	0.00	235.96	182.92	4.00	542
26	218.63	42.68	0.00	212.84	34.00	0.00	225.08	52.36	4.00	301
27	225.66	115.72	0.00	213.52	105.40	0.00	238.00	127.16	4.00	693
28	222.60	185.72	0.00	216.24	180.20	0.00	229.16	192.44	4.00	202
29	232.37	139.33	0.00	217.60	125.12	0.00	252.28	150.96	4.00	1092
30	232.68	157.26	0.00	217.60	142.80	0.00	244.80	173.40	4.00	758
31	229.81	33.88	0.00	218.96	23.80	0.00	239.36	44.88	4.00	642
32	236.28	51.92	0.00	221.68	41.48	0.00	252.28	64.60	4.00	846
33	235.42	194.68	0.00	223.04	184.28	0.00	248.20	206.04	4.00	749
34	233.04	210.10	0.00	224.40	201.28	0.00	242.08	221.00	4.00	445
35	232.86	102.15	0.00	225.76	93.84	0.00	240.04	108.80	4.00	275
36	234.11	180.84	0.00	227.12	172.72	0.00	241.40	189.04	4.00	349
37	241.76	126.62	0.00	228.48	115.60	0.00	254.32	138.72	4.00	844
38	240.83	82.49	0.00	229.16	74.12	0.00	252.96	94.52	4.00	709
39	241.94	66.69	0.00	231.20	57.80	0.00	252.96	76.84	4.00	623
40	242.72	18.00	0.00	233.92	7.48	0.00	251.60	29.24	4.00	577
41	241.42	106.08	0.00	235.28	93.84	0.00	246.16	116.96	4.00	391
42	246.64	224.00	0.00	236.64	216.24	0.00	259.76	231.88	4.00	451
43	247.38	38.57	0.00	237.32	24.48	0.00	259.08	53.04	4.00	747
44	242.63	210.48	0.00	237.32	200.60	0.00	248.20	218.96	4.00	281
45	256.98	9.30	0.00	238.68	0.00	0.00	269.96	23.80	4.00	1111
46	249.06	156.77	0.00	239.36	149.60	0.00	258.40	165.24	4.00	497
47	247.91	174.75	0.00	239.36	163.20	0.00	257.04	189.72	4.00	630
48	258.07	93.78	0.00	242.08	85.00	0.00	273.36	103.36	4.00	774
49	251.09	108.50	0.00	245.48	97.92	0.00	258.40	119.68	4.00	426
50	255.73	191.79	0.00	246.16	178.84	0.00	266.56	203.32	4.00	681
51	253.70	212.89	0.00	246.16	199.92	0.00	263.84	225.08	4.00	513
52	257.62	141.77	0.00	247.52	130.56	0.00	271.32	151.64	4.00	595
53	256.89	32.37	0.00	249.56	21.08	0.00	263.16	46.24	4.00	440
54	256.10	69.82	0.00	249.56	60.52	0.00	263.84	77.52	4.00	357
55	260.56	81.92	0.00	251.60	75.48	0.00	270.64	89.08	4.00	370
56	264.12	128.46	0.00	251.60	117.64	0.00	276.76	143.48	4.00	778
57	269.62	52.11	0.00	252.28	41.48	0.00	288.32	61.88	4.00	1197
58	265.12	115.82	0.00	255.00	108.80	0.00	276.08	122.40	4.00	418
59	262.12	174.77	0.00	255.00	163.88	0.00	272.00	185.64	4.00	461
60	263.46	206.94	0.00	255.00	197.88	0.00	272.00	216.92	4.00	441
61	269.12	66.10	0.00	255.68	59.16	0.00	282.88	76.84	4.00	452
62	269.56	106.17	0.00	257.72	98.60	0.00	280.84	114.92	4.00	492
63	267.45	159.31	0.00	257.72	144.84	0.00	278.80	174.08	4.00	827
64	268.81	222.25	0.00	259.76	211.48	0.00	277.44	234.60	4.00	525
65	271.06	31.06	0.00	260.44	18.36	0.00	282.88	43.52	4.00	866
66	274.20	183.68	0.00	263.16	170.68	0.00	285.60	193.12	4.00	637
67	275.03	200.90	0.00	265.88	191.08	0.00	283.56	214.20	4.00	593
68	280.75	75.33	0.00	266.56	56.44	0.00	294.44	92.48	4.00	1225
69	280.41	228.53	0.00	268.60	214.20	0.00	294.44	242.08	4.00	731
70	277.45	8.31	0.00	269.28	0.00	0.00	292.40	23.80	4.00	629
71	289.04	140.03	0.00	271.32	127.84	0.00	311.44	153.68	4.00	1504
72	290.00	93.49	0.00	272.68	76.16	0.00	304.64	106.76	4.00	1364
73	287.52	154.59	0.00	273.36	145.52	0.00	306.00	166.60	4.00	668
74	288.53	117.53	0.00	275.40	106.08	0.00	303.28	130.56	4.00	1157
75	291.73	215.88	0.00	277.44	208.76	0.00	305.32	224.40	4.00	557
76	291.08	167.10	0.00	278.12	157.08	0.00	301.24	178.84	4.00	753
77	284.73	12.68	0.00	279.48	6.12	0.00	293.08	23.80	4.00	309
78	288.37	180.28	0.00	279.48	172.72	0.00	301.92	188.36	4.00	425
79	291.44	23.19	0.00	280.16	10.20	0.00	305.32	34.68	4.00	733
80	296.96	40.54	0.00	280.16	25.16	0.00	312.80	57.12	4.00	1381
81	299.05	208.45	0.00	280.84	197.20	0.00	315.52	221.68	4.00	855
82	292.51	246.63	0.00	280.84	235.28	0.00	304.64	259.76	4.00	751
83	294.56	231.35	0.00	282.88	221.68	0.00	306.00	240.72	4.00	513
84	295.76	191.97	0.00	283.56	180.88	0.00	307.36	201.96	4.00	710
85	299.41	260.65	0.00	287.64	246.84	0.00	314.84	275.40	4.00	839
86	305.68	54.59	0.00	289.68	46.24	0.00	318.24	62.56	4.00	531
87	298.78	3.32	0.00	291.04	0.00	0.00	308.72	8.84	4.00	251
88	300.06	67.85	0.00	291.04	59.16	0.00	310.08	80.24	4.00	606
89	301.15	12.41	0.00	293.08	6.80	0.00	310.08	19.04	4.00	269
90	312.35	127.84	0.00	297.84	111.52	0.00	328.44	148.92	4.00	1452
91	310.46	103.20	0.00	299.20	93.16	0.00	323.00	112.88	4.00	741
92	308.10	164.08	0.00	299.88	148.92	0.00	317.56	180.20	4.00	874
93	310.37	84.58	0.00	301.92	78.88	0.00	320.28	91.80	4.00	401
94	314.28	180.83	0.00	301.92	170.00	0.00	326.40	188.36	4.00	544
95	310.63	236.78	0.00	301.92	221.00	0.00	320.96	253.64	4.00	858
96	315.59	74.19	0.00	303.28	68.00	0.00	327.08	80.24	4.00	400
97	315.47	263.49	0.00	303.28	252.28	0.00	328.44	273.36	4.00	764
98	315.31	196.49	0.00	303.96	184.96	0.00	329.80	211.48	4.00	864
99	310.75	6.21	0.00	304.64	0.00	0.00	317.56	14.96	4.00	278
100	310.02	22.05	0.00	304.64	14.96	0.00	315.52	30.60	4.00	263
101	317.21	92.38	0.00	304.64	87.04	0.00	325.72	97.92	4.00	249
102	316.68	63.74	0.00	309.40	55.76	0.00	325.04	71.40	4.00	352
103	321.12	36.10	0.00	310.08	27.20	0.00	333.88	45.56	4.00	702
104	324.37	7.07	0.00	312.12	0.00	0.00	339.32	16.32	4.00	626
105	321.18	48.45	0.00	312.12	42.84	0.00	329.80	56.44	4.00	286
106	330.37	141.50	0.00	314.16	129.20	0.00	345.44	152.32	4.00	922
107	325.13	20.57	0.00	314.84	12.92	0.00	337.96	28.56	4.00	535
108	327.56	207.31	0.00	314.84	187.68	0.00	340.68	223.04	4.00	1074
109	321.41	236.87	0.00	314.84	222.36	0.00	331.16	249.56	4.00	450
110	327.60	167.28	0.00	315.52	149.60	0.00	342.04	186.32	4.00	1261
111	335.56	120.50	0.00	316.20	106.76	0.00	348.16	136.00	4.00	1200
112	327.41	80.81	0.00	318.24	72.08	0.00	335.92	90.44	4.00	441
113	330.53	226.57	0.00	318.24	216.92	0.00	341.36	238.00	4.00	701
114	331.76	61.63	0.00	320.96	50.32	0.00	344.08	72.76	4.00	740
115	330.31	107.74	0.00	320.96	102.68	0.00	339.32	113.56	4.00	297
116	332.60	248.15	0.00	320.96	237.32	0.00	345.44	261.12	4.00	761
117	329.84	95.92	0.00	321.64	87.72	0.00	339.32	105.40	4.00	447
118	337.42	273.22	0.00	323.68	261.12	0.00	348.16	286.28	4.00	825
119	340.50	153.03	0.00	324.36	135.32	0.00	348.16	165.92	4.00	681
120	333.13	29.97	0.00	326.40	24.48	0.00	339.32	37.40	4.00	229
121	333.76	45.88	0.00	329.12	38.08	0.00	339.32	51.68	4.00	165
122	340.52	193.22	0.00	329.80	181.56	0.00	348.16	207.40	4.00	707
123	340.40	260.88	0.00	330.48	255.68	0.00	348.16	266.56	4.00	321
124	340.62	9.62	0.00	331.84	0.00	0.00	348.16	20.40	4.00	547
125	340.37	77.87	0.00	333.20	68.00	0.00	348.16	89.08	4.00	463
126	342.32	36.06	0.00	333.88	25.84	0.00	348.16	46.92	4.00	447
127	341.42	51.25	0.00	334.56	44.88	0.00	348.16	59.16	4.00	283
128	342.41	100.29	0.00	334.56	91.12	0.00	348.16	111.52	4.00	400
129	342.83	22.21	0.00	336.60	15.64	0.00	348.16	27.20	4.00	187
130	343.44	175.13	0.00	336.60	165.92	0.00	348.16	185.64	4.00	342
131	343.82	251.78	0.00	337.28	246.16	0.00	348.16	256.36	4.00	152
132	344.01	87.30	0.00	337.96	80.92	0.00	348.16	93.84	4.00	171
133	343.10	217.22	0.00	337.96	207.40	0.00	348.16	227.80	4.00	404
134	344.07	235.37	0.00	337.96	227.12	0.00	348.16	246.16	4.00	277
135	345.55	61.62	0.00	342.72	52.36	0.00	348.16	69.36	4.00	151
136	1.75	78.34	4.00	0.00	72.76	4.00	5.44	83.64	8.00	84
137	2.84	252.06	4.00	0.00	244.80	4.00	8.16	258.40	8.00	164
138	6.89	269.45	4.00	0.00	257.72	4.00	15.64	281.52	8.00	602
139	4.37	289.51	4.00	0.00	275.40	4.00	10.88	301.24	8.00	486
140	5.33	309.51	4.00	0.00	300.56	4.00	12.24	320.96	8.00	447
141	4.32	327.39	4.00	0.00	318.24	4.00	9.52	337.96	8.00	351
142	16.10	292.08	4.00	8.84	281.52	4.00	24.48	302.60	8.00	570
143	18.11	328.60	4.00	8.84	317.56	4.00	29.24	340.00	8.00	740
144	21.60	311.69	4.00	10.20	301.92	4.00	34.00	322.32	8.00	753
145	165.43	14.51	4.00	159.12	5.44	4.00	172.04	24.48	8.00	392
146	167.32	54.13	4.00	159.80	44.88	4.00	176.12	64.60	8.00	528
147	177.13	4.17	4.00	169.32	0.00	4.00	186.32	9.52	8.00	273
148	176.39	22.58	4.00	170.00	15.64	4.00	183.60	29.92	8.00	292
149	178.79	12.82	4.00	170.68	8.16	4.00	185.64	19.04	8.00	276
150	182.31	61.69	4.00	172.72	49.64	4.00	194.48	74.12	8.00	730
151	182.06	133.64	4.00	174.76	127.16	4.00	189.72	141.44	8.00	299
152	184.24	145.06	4.00	175.44	137.36	4.00	191.76	153.68	8.00	363
153	182.63	39.25	4.00	176.12	27.20	4.00	190.40	51.00	8.00	478
154	184.85	78.06	4.00	179.52	71.40	4.00	189.72	87.04	8.00	259
155	186.17	95.65	4.00	180.20	87.04	4.00	195.16	104.72	8.00	321
156	188.55	105.06	4.00	182.24	100.64	4.00	195.16	110.84	8.00	219
157	193.26	26.31	4.00	182.92	14.28	4.00	203.32	40.12	8.00	882
158	192.04	116.25	4.00	182.92	108.12	4.00	203.32	126.48	8.00	471
159	194.27	6.68	4.00	184.28	0.00	4.00	206.04	15.64	8.00	580
160	194.55	50.47	4.00	184.96	39.44	4.00	203.32	64.60	8.00	682
161	196.22	79.62	4.00	186.32	66.64	4.00	208.08	93.16	8.00	726
162	195.42	136.52	4.00	188.36	125.80	4.00	206.72	148.92	8.00	555
163	204.11	147.16	4.00	191.76	138.04	4.00	216.92	159.12	8.00	554
164	203.00	93.20	4.00	192.44	80.24	4.00	210.80	103.36	8.00	542
165	208.61	126.92	4.00	193.80	116.28	4.00	221.68	138.72	8.00	896
166	204.16	65.94	4.00	194.48	57.80	4.00	213.52	75.48	8.00	416
167	205.22	108.98	4.00	194.48	100.64	4.00	216.92	117.64	8.00	554
168	208.61	25.27	4.00	199.92	8.84	4.00	221.68	39.44	8.00	815
169	208.01	50.41	4.00	201.96	39.44	4.00	216.24	63.24	8.00	504
170	210.97	155.17	4.00	202.64	144.84	4.00	220.32	167.28	8.00	427
171	208.53	3.49	4.00	203.32	0.00	4.00	214.20	9.52	8.00	165
172	219.87	74.70	4.00	207.40	67.32	4.00	232.56	83.64	8.00	674
173	216.91	12.62	4.00	208.08	4.08	4.00	225.76	24.48	8.00	516
174	217.92	41.77	4.00	208.76	31.28	4.00	227.12	53.04	8.00	486
175	217.34	86.23	4.00	208.76	80.92	4.00	227.80	92.48	8.00	308
176	220.19	97.48	4.00	209.44	86.36	4.00	234.60	110.16	8.00	750
177	222.97	173.23	4.00	209.44	162.52	4.00	238.68	184.96	8.00	819
178	219.84	161.01	4.00	210.12	153.68	4.00	229.16	167.28	8.00	390
179	215.95	188.90	4.00	210.12	178.84	4.00	223.72	197.88	8.00	348
180	221.96	60.18	4.00	212.16	51.00	4.00	232.56	68.00	8.00	566
181	220.30	1.68	4.00	214.20	0.00	4.00	228.48	4.76	8.00	118
182	225.27	115.50	4.00	215.56	106.08	4.00	237.32	127.84	8.00	622
183	223.82	146.63	4.00	215.56	137.36	4.00	233.92	156.40	8.00	433
184	229.88	136.88	4.00	218.28	127.16	4.00	242.08	149.60	8.00	598
185	231.71	11.42	4.00	220.32	0.00	4.00	246.84	26.52	8.00	862
186	224.88	188.65	4.00	220.32	182.92	4.00	231.20	195.84	8.00	166
187	230.07	33.41	4.00	221.00	24.48	4.00	239.36	43.52	8.00	555
188	234.37	50.79	4.00	222.36	40.12	4.00	245.48	62.56	8.00	642
189	234.25	195.22	4.00	223.04	183.60	4.00	245.48	206.04	8.00	668
190	231.56	212.01	4.00	223.72	202.64	4.00	239.36	222.36	8.00	472
191	235.31	99.31	4.00	224.40	89.76	4.00	247.52	108.80	8.00	497
192	238.90	124.34	4.00	224.40	115.60	4.00	252.96	136.68	8.00	695
193	234.12	82.04	4.00	226.44	73.44	4.00	240.72	90.44	8.00	374
194	233.64	181.61	4.00	227.12	174.76	4.00	240.72	189.04	8.00	283
195	235.23	161.11	4.00	227.80	151.64	4.00	243.44	172.04	8.00	366
196	240.91	66.95	4.00	230.52	57.80	4.00	252.28	75.48	8.00	547
197	238.93	152.87	4.00	233.24	149.60	4.00	245.48	158.44	8.00	134
198	243.19	19.24	4.00	233.92	6.80	4.00	254.32	31.96	8.00	688
199	246.96	108.60	4.00	234.60	98.60	4.00	257.72	119.00	8.00	704
200	243.02	145.88	4.00	234.60	140.76	4.00	250.92	150.28	8.00	222
201	246.60	224.11	4.00	235.96	215.56	4.00	257.72	232.56	8.00	517
202	244.61	207.07	4.00	237.32	195.84	4.00	254.32	218.28	8.00	524
203	245.75	172.99	4.00	238.00	163.20	4.00	253.64	184.28	8.00	478
204	246.24	38.84	4.00	238.68	27.88	4.00	256.36	49.64	8.00	555
205	246.10	79.61	4.00	239.36	71.40	4.00	254.32	89.08	8.00	371
206	244.94	137.67	4.00	240.04	132.60	4.00	250.24	142.80	8.00	132
207	257.86	90.05	4.00	240.72	76.16	4.00	272.68	102.68	8.00	1135
208	249.60	156.87	4.00	240.72	147.56	4.00	259.76	165.24	8.00	466
209	252.57	55.05	4.00	244.12	45.56	4.00	260.44	65.96	8.00	543
210	250.56	130.15	4.00	244.12	121.04	4.00	257.04	139.40	8.00	259
211	252.43	186.12	4.00	244.12	176.80	4.00	265.20	196.52	8.00	469
212	260.81	6.89	4.00	245.48	0.00	4.00	278.80	20.40	8.00	936
213	259.09	200.25	4.00	247.52	189.04	4.00	269.28	212.84	8.00	660
214	254.95	214.90	4.00	248.20	208.08	4.00	263.16	223.04	8.00	310
215	256.08	31.43	4.00	249.56	21.76	4.00	262.48	42.84	8.00	373
216	255.41	140.58	4.00	249.56	132.60	4.00	263.16	148.92	8.00	293
217	260.42	71.14	4.00	250.92	63.24	4.00	273.36	79.56	8.00	464
218	260.25	173.07	4.00	252.28	161.16	4.00	269.28	186.32	8.00	590
219	263.31	127.32	4.00	252.96	116.28	4.00	274.04	139.40	8.00	701
220	264.47	146.34	4.00	252.96	138.04	4.00	274.72	155.72	8.00	456
221	265.98	17.65	4.00	254.32	10.88	4.00	277.44	25.84	8.00	438
222	262.93	43.30	4.00	255.68	38.08	4.00	272.68	49.64	8.00	239
223	267.13	110.58	4.00	256.36	99.28	4.00	278.80	122.40	8.00	795
224	267.36	223.37	4.00	257.72	210.12	4.00	279.48	238.68	8.00	797
225	272.40	55.79	4.00	259.08	41.48	4.00	289.00	72.08	8.00	1169
226	270.32	161.25	4.00	259.08	149.60	4.00	280.84	173.40	8.00	751
227	271.09	31.08	4.00	261.12	17.68	4.00	280.84	42.84	8.00	719
228	272.69	195.32	4.00	263.84	186.32	4.00	283.56	204.68	8.00	486
229	275.26	181.84	4.00	265.20	170.68	4.00	285.60	191.76	8.00	578
230	280.98	74.81	4.00	267.92	57.12	4.00	294.44	91.80	8.00	1150
231	276.82	207.60	4.00	267.92	200.60	4.00	286.28	216.92	8.00	399
232	281.10	231.01	4.00	269.28	219.64	4.00	300.56	244.80	8.00	723
233	277.88	97.53	4.00	269.96	87.72	4.00	285.60	108.80	8.00	434
234	278.65	132.82	4.00	271.32	121.72	4.00	288.32	143.48	8.00	505
235	288.23	150.52	4.00	272.68	140.08	4.00	305.32	159.80	8.00	936
236	286.14	119.50	4.00	275.40	108.80	4.00	299.20	129.88	8.00	639
237	288.03	20.78	4.00	276.76	10.20	4.00	304.64	33.32	8.00	913
238	290.12	4.52	4.00	277.44	0.00	4.00	306.00	10.88	8.00	563
239	290.29	216.84	4.00	278.80	207.40	4.00	302.60	225.08	8.00	589
240	292.55	33.95	4.00	279.48	25.84	4.00	306.68	41.48	8.00	523
241	295.27	44.75	4.00	279.48	34.00	4.00	309.40	57.80	8.00	783
242	295.32	107.61	4.00	279.48	99.96	4.00	309.40	117.64	8.00	738
243	289.53	164.99	4.00	279.48	157.76	4.00	299.20	173.40	8.00	516
244	291.03	246.92	4.00	279.48	234.60	4.00	302.60	258.40	8.00	611
245	288.35	177.51	4.00	280.16	170.00	4.00	297.84	186.32	8.00	454
246	290.38	235.92	4.00	280.16	226.44	4.00	299.88	244.12	8.00	390
247	293.70	90.19	4.00	282.88	76.16	4.00	305.32	102.00	8.00	903
248	294.69	191.93	4.00	282.88	182.24	4.00	308.04	200.60	8.00	748
249	292.49	204.31	4.00	284.24	199.24	4.00	300.56	211.48	8.00	311
250	293.49	263.15	4.00	284.24	252.96	4.00	304.64	274.72	8.00	612
251	296.42	138.55	4.00	284.92	128.52	4.00	310.08	147.56	8.00	630
252	302.89	55.08	4.00	290.36	46.24	4.00	313.48	62.56	8.00	458
253	299.39	12.80	4.00	291.04	8.16	4.00	306.68	19.04	8.00	242
254	299.36	68.46	4.00	291.04	59.84	4.00	308.04	80.24	8.00	551
255	302.43	275.66	4.00	291.04	267.92	4.00	314.84	283.56	8.00	520
256	300.58	126.78	4.00	294.44	116.96	4.00	306.68	137.36	8.00	309
257	304.29	252.95	4.00	295.80	245.48	4.00	314.16	261.12	8.00	322
258	305.35	181.24	4.00	297.16	171.36	4.00	316.88	191.08	8.00	402
259	309.58	211.87	4.00	297.16	197.88	4.00	324.36	224.40	8.00	1009
260	308.91	169.09	4.00	298.52	155.72	4.00	320.28	184.96	8.00	786
261	308.83	237.82	4.00	299.20	223.04	4.00	320.28	253.64	8.00	846
262	307.83	23.92	4.00	301.92	17.00	4.00	314.16	32.64	8.00	266
263	308.77	85.34	4.00	301.92	78.20	4.00	318.24	96.56	8.00	406
264	308.59	4.85	4.00	302.60	0.00	4.00	315.52	12.24	8.00	209
265	315.23	122.23	4.00	302.60	106.76	4.00	333.88	140.08	8.00	1236
266	313.32	261.70	4.00	302.60	251.60	4.00	324.36	272.68	8.00	544
267	313.90	75.06	4.00	304.64	70.04	4.00	323.00	80.92	8.00	265
268	313.83	94.78	4.00	304.64	85.00	4.00	324.36	105.40	8.00	397
269	316.18	151.98	4.00	304.64	140.76	4.00	329.80	163.88	8.00	802
270	319.07	8.79	4.00	306.00	0.00	4.00	331.84	17.68	8.00	640
271	316.19	195.15	4.00	306.00	186.32	4.00	327.76	204.00	8.00	553
272	318.90	40.03	4.00	306.68	26.52	4.00	332.52	57.80	8.00	1154
273	314.32	65.63	4.00	307.36	59.16	4.00	323.00	72.76	8.00	328
274	323.95	103.91	4.00	309.40	91.12	4.00	336.60	116.96	8.00	842
275	333.16	135.23	4.00	310.08	118.32	4.00	348.16	148.24	8.00	1551
276	320.24	234.45	4.00	310.76	222.36	4.00	331.16	247.52	8.00	527
277	317.54	22.24	4.00	312.12	16.32	4.00	323.00	29.24	8.00	242
278	321.40	267.84	4.00	312.80	256.36	4.00	329.80	278.12	8.00	375
279	322.43	55.82	4.00	313.48	49.64	4.00	330.48	62.56	8.00	234
280	328.43	166.57	4.00	315.52	155.72	4.00	342.04	176.12	8.00	749
281	325.62	81.40	4.00	316.20	72.76	4.00	333.88	91.80	8.00	410
282	329.00	182.25	4.00	316.88	173.40	4.00	342.04	193.12	8.00	716
283	329.33	226.24	4.00	319.60	215.56	4.00	340.68	236.64	8.00	616
284	331.52	63.73	4.00	320.28	51.00	4.00	344.08	75.48	8.00	731
285	328.92	205.08	4.00	320.28	192.44	4.00	340.00	216.24	8.00	640
286	333.14	246.84	4.00	320.28	233.92	4.00	346.12	259.08	8.00	843
287	328.51	20.97	4.00	320.96	14.28	4.00	337.96	27.88	8.00	344
288	329.44	269.64	4.00	323.00	259.08	4.00	335.24	279.48	8.00	340
289	332.71	1.73	4.00	325.04	0.00	4.00	341.36	6.12	8.00	121
290	332.75	90.65	4.00	326.40	85.68	4.00	338.64	95.88	8.00	189
291	336.37	44.76	4.00	327.08	39.44	4.00	348.16	52.36	8.00	367
292	339.25	11.62	4.00	327.76	1.36	4.00	348.16	21.76	8.00	609
293	337.65	151.89	4.00	329.12	146.20	4.00	348.16	159.80	8.00	390
294	340.93	218.10	4.00	329.12	206.72	4.00	348.16	230.52	8.00	620
295	340.28	31.06	4.00	330.48	19.72	4.00	348.16	44.20	8.00	649
296	338.59	77.04	4.00	331.84	66.64	4.00	346.12	87.04	8.00	422
297	337.41	271.91	4.00	331.84	261.80	4.00	344.76	282.88	8.00	345
298	336.75	105.56	4.00	332.52	95.88	4.00	342.72	118.32	8.00	328
299	341.20	198.17	4.00	332.52	190.40	4.00	348.16	208.76	8.00	453
300	341.82	51.62	4.00	333.88	46.92	4.00	348.16	57.80	8.00	234
301	342.51	257.44	4.00	333.88	246.84	4.00	348.16	267.24	8.00	387
302	343.41	110.09	4.00	335.24	93.84	4.00	348.16	123.08	8.00	494
303	342.05	185.26	4.00	335.92	176.80	4.00	348.16	191.76	8.00	249
304	343.83	279.18	4.00	336.60	266.56	4.00	348.16	289.68	8.00	353
305	342.77	89.58	4.00	337.28	83.64	4.00	348.16	96.56	8.00	225
306	343.51	162.96	4.00	337.28	152.32	4.00	348.16	173.40	8.00	330
307	344.83	236.02	4.00	340.00	229.16	4.00	348.16	246.84	8.00	195
308	345.05	1.95	4.00	340.68	0.00	4.00	348.16	6.12	8.00	61
309	345.32	62.63	4.00	341.36	54.40	4.00	348.16	69.36	8.00	140
310	345.61	177.08	4.00	342.04	171.36	4.00	348.16	186.32	8.00	113
311	345.97	77.25	4.00	344.08	69.36	4.00	348.16	85.00	8.00	114
312	1.56	78.56	8.00	0.00	73.44	8.00	4.76	84.32	12.00	81
313	6.19	270.96	8.00	0.00	259.76	8.00	14.28	281.52	12.00	433
314	4.35	287.37	8.00	0.00	276.08	8.00	10.88	298.52	12.00	419
315	8.53	304.63	8.00	0.00	295.12	8.00	17.68	318.92	12.00	454
316	2.92	311.40	8.00	0.00	304.64	8.00	7.48	318.92	12.00	189
317	4.08	325.51	8.00	0.00	317.56	8.00	10.20	336.60	12.00	309
318	15.98	290.99	8.00	9.52	280.84	8.00	23.80	301.92	12.00	404
319	17.66	326.58	8.00	9.52	316.88	8.00	27.20	337.28	12.00	583
320	17.95	310.01	8.00	12.24	301.92	8.00	26.52	318.24	12.00	308
321	24.99	313.99	8.00	20.40	307.36	8.00	29.92	320.28	12.00	172
322	168.82	17.04	8.00	161.84	7.48	8.00	178.16	26.52	12.00	430
323	171.65	54.58	8.00	165.24	48.96	8.00	178.16	61.88	12.00	295
324	177.97	9.37	8.00	170.68	0.00	8.00	184.28	22.44	12.00	490
325	181.16	38.77	8.00	176.12	25.84	8.00	189.04	50.32	12.00	452
326	182.17	63.64	8.00	176.80	59.16	8.00	190.40	68.68	12.00	176
327	191.85	27.87	8.00	177.48	17.00	8.00	204.00	40.80	12.00	867
328	184.50	56.28	8.00	177.48	49.64	8.00	193.80	64.60	12.00	308
329	186.41	141.90	8.00	178.84	130.56	8.00	195.16	151.64	12.00	468
330	187.65	75.58	8.00	179.52	63.92	8.00	197.88	89.08	12.00	649
331	188.55	98.57	8.00	182.24	89.08	8.00	195.84	108.80	12.00	471
332	193.83	1.20	8.00	183.60	0.00	8.00	203.32	3.40	12.00	128
333	192.15	10.01	8.00	184.28	2.72	8.00	204.00	19.72	12.00	553
334	194.05	48.83	8.00	184.28	37.40	8.00	202.64	63.24	12.00	666
335	192.43	115.45	8.00	184.28	106.08	8.00	202.64	125.80	12.00	553
336	194.10	132.62	8.00	184.28	125.12	8.00	203.32	141.44	12.00	398
337	198.06	84.31	8.00	190.40	72.76	8.00	207.40	94.52	12.00	504
338	201.37	146.63	8.00	193.12	138.72	8.00	210.80	156.40	12.00	441
339	204.49	66.90	8.00	193.80	56.44	8.00	214.88	76.16	12.00	575
340	203.98	101.86	8.00	195.16	92.48	8.00	216.24	111.52	12.00	606
341	208.90	129.03	8.00	195.84	120.36	8.00	222.36	138.72	12.00	664
342	206.93	15.13	8.00	197.88	4.76	8.00	216.92	24.48	12.00	535
343	209.79	116.19	8.00	199.24	108.80	8.00	220.32	122.40	12.00	458
344	208.98	29.57	8.00	201.28	22.44	8.00	219.64	40.12	12.00	444
345	209.89	155.27	8.00	201.28	145.52	8.00	218.96	166.60	12.00	427
346	208.13	51.09	8.00	201.96	39.44	8.00	217.60	61.88	12.00	478
347	214.03	2.84	8.00	203.32	0.00	8.00	227.80	8.16	12.00	306
348	209.58	83.03	8.00	203.32	75.48	8.00	217.60	93.16	12.00	356
349	212.81	140.60	8.00	206.04	136.00	8.00	218.96	147.56	12.00	208
350	221.35	38.65	8.00	206.72	27.20	8.00	234.60	52.36	12.00	943
351	221.30	161.48	8.00	208.08	150.96	8.00	235.28	170.68	12.00	701
352	214.71	187.56	8.00	208.08	177.48	8.00	222.36	196.52	12.00	360
353	220.25	93.89	8.00	208.76	85.00	8.00	233.92	104.72	12.00	715
354	219.02	176.25	8.00	210.12	169.32	8.00	226.44	185.64	12.00	412
355	221.67	75.47	8.00	211.48	68.00	8.00	231.88	85.00	12.00	559
356	222.72	60.12	8.00	212.16	50.32	8.00	233.92	68.68	12.00	605
357	218.31	12.60	8.00	212.84	4.76	8.00	224.40	23.80	12.00	267
358	225.86	106.56	8.00	215.56	100.64	8.00	235.96	112.88	12.00	327
359	224.90	114.66	8.00	216.92	109.48	8.00	235.28	121.72	12.00	296
360	225.34	145.32	8.00	216.92	134.64	8.00	235.28	155.72	12.00	498
361	229.04	123.88	8.00	217.60	114.24	8.00	240.04	132.60	12.00	539
362	230.30	13.05	8.00	218.28	0.00	8.00	245.48	28.56	12.00	990
363	229.87	186.30	8.00	221.00	179.52	8.00	241.40	196.52	12.00	427
364	231.67	137.64	8.00	221.68	131.92	8.00	240.72	145.52	12.00	304
365	231.90	196.31	8.00	222.36	185.64	8.00	243.44	206.72	12.00	499
366	234.32	172.49	8.00	224.40	163.20	8.00	246.16	182.92	12.00	551
367	229.24	212.84	8.00	224.40	206.72	8.00	234.60	220.32	12.00	247
368	237.02	98.25	8.00	225.76	90.44	8.00	248.20	107.44	12.00	434
369	235.25	51.26	8.00	226.44	40.12	8.00	244.80	60.52	12.00	512
370	235.23	80.94	8.00	227.12	72.76	8.00	244.12	90.44	12.00	449
371	241.77	66.90	8.00	230.52	58.48	8.00	255.68	75.48	12.00	592
372	241.54	155.18	8.00	231.20	142.80	8.00	250.24	170.68	12.00	770
373	239.29	201.65	8.00	231.20	192.44	8.00	248.20	211.48	12.00	346
374	241.05	39.55	8.00	231.88	28.56	8.00	250.24	51.00	12.00	541
375	243.01	22.81	8.00	233.24	11.56	8.00	253.64	33.32	12.00	578
376	242.49	131.09	8.00	233.24	115.60	8.00	251.60	144.84	12.00	632
377	243.48	211.79	8.00	233.92	199.24	8.00	252.96	223.04	12.00	568
378	247.57	108.50	8.00	235.28	97.92	8.00	258.40	117.64	12.00	724
379	244.93	225.77	8.00	236.64	219.64	8.00	252.96	232.56	12.00	335
380	243.94	89.64	8.00	237.32	83.64	8.00	249.56	96.56	12.00	218
381	247.72	10.46	8.00	240.72	2.04	8.00	255.68	19.72	12.00	338
382	251.77	185.95	8.00	240.72	172.04	8.00	265.88	201.28	12.00	924
383	248.58	79.40	8.00	242.76	72.08	8.00	255.00	87.72	12.00	265
384	252.99	128.76	8.00	244.12	116.28	8.00	261.12	142.80	12.00	584
385	252.72	55.39	8.00	244.80	47.60	8.00	262.48	63.92	12.00	470
386	252.26	2.69	8.00	245.48	0.00	8.00	259.08	8.16	12.00	158
387	254.52	32.73	8.00	245.48	25.84	8.00	262.48	40.12	12.00	377
388	258.50	172.99	8.00	246.16	165.24	8.00	267.24	180.88	12.00	409
389	254.72	159.22	8.00	246.84	145.52	8.00	264.52	170.00	12.00	550
390	259.56	90.70	8.00	248.20	78.88	8.00	272.00	102.68	12.00	835
391	254.95	44.32	8.00	249.56	38.76	8.00	261.12	50.32	12.00	209
392	255.70	214.74	8.00	249.56	204.00	8.00	263.84	225.76	12.00	448
393	260.72	74.70	8.00	250.24	65.96	8.00	273.36	82.96	12.00	400
394	265.16	145.67	8.00	250.24	136.00	8.00	276.76	156.40	12.00	809
395	258.11	199.45	8.00	250.92	194.48	8.00	265.20	204.68	12.00	199
396	264.00	18.17	8.00	251.60	10.20	8.00	277.44	27.20	12.00	592
397	259.45	229.66	8.00	251.60	221.00	8.00	265.88	238.00	12.00	371
398	258.05	8.92	8.00	253.64	3.40	8.00	263.84	14.96	12.00	157
399	272.18	58.62	8.00	255.68	41.48	8.00	286.96	77.52	12.00	1452
400	265.80	109.39	8.00	257.04	98.60	8.00	276.08	119.00	12.00	584
401	265.43	125.88	8.00	257.72	116.96	8.00	274.72	136.00	12.00	541
402	265.12	206.62	8.00	257.72	198.56	8.00	271.32	214.20	12.00	271
403	269.63	5.06	8.00	258.40	0.00	8.00	278.80	12.24	12.00	430
404	265.32	42.03	8.00	258.40	35.36	8.00	277.44	49.64	12.00	287
405	270.71	31.40	8.00	261.80	21.08	8.00	279.48	41.48	12.00	533
406	270.51	191.37	8.00	261.80	181.56	8.00	280.84	199.92	12.00	493
407	271.46	224.35	8.00	261.80	213.52	8.00	283.56	239.36	12.00	737
408	272.52	163.39	8.00	262.48	155.04	8.00	284.92	174.08	12.00	624
409	274.01	178.15	8.00	265.88	170.68	8.00	280.84	187.68	12.00	405
410	276.35	81.94	8.00	267.92	73.44	8.00	285.60	91.12	12.00	385
411	276.33	206.60	8.00	267.92	197.88	8.00	286.28	216.24	12.00	474
412	282.87	234.05	8.00	267.92	222.36	8.00	299.88	248.88	12.00	847
413	278.60	95.19	8.00	269.28	86.36	8.00	286.96	104.04	12.00	451
414	279.43	132.34	8.00	269.96	122.40	8.00	290.36	142.80	12.00	573
415	276.41	105.70	8.00	271.32	100.64	8.00	282.88	112.20	12.00	183
416	284.42	118.72	8.00	272.68	108.80	8.00	296.48	129.88	12.00	589
417	285.49	24.38	8.00	274.72	15.64	8.00	299.88	36.72	12.00	687
418	283.12	149.66	8.00	275.40	140.08	8.00	291.72	161.16	12.00	511
419	290.16	13.34	8.00	276.76	7.48	8.00	302.60	20.40	12.00	443
420	285.85	71.22	8.00	276.76	63.24	8.00	294.44	80.92	12.00	442
421	292.35	241.15	8.00	276.76	228.48	8.00	302.60	249.56	12.00	573
422	285.93	254.17	8.00	276.76	246.84	8.00	295.80	263.84	12.00	461
423	287.79	4.02	8.00	278.12	0.00	8.00	302.60	10.20	12.00	390
424	289.65	36.43	8.00	278.80	28.56	8.00	301.92	45.56	12.00	473
425	288.62	186.97	8.00	278.80	177.48	8.00	298.52	198.56	12.00	676
426	285.56	200.60	8.00	278.80	193.12	8.00	291.72	209.44	12.00	265
427	290.43	216.65	8.00	279.48	208.76	8.00	299.88	225.76	12.00	514
428	288.33	170.87	8.00	280.84	161.16	8.00	297.16	179.52	12.00	468
429	294.18	107.46	8.00	282.20	99.28	8.00	306.68	118.32	12.00	682
430	295.17	89.79	8.00	282.88	76.16	8.00	308.04	102.00	12.00	940
431	295.17	44.11	8.00	283.56	38.08	8.00	307.36	50.32	12.00	351
432	296.73	57.10	8.00	286.28	46.24	8.00	308.72	68.68	12.00	805
433	294.00	137.12	8.00	286.28	129.20	8.00	303.28	144.16	12.00	354
434	293.18	265.46	8.00	286.28	259.76	8.00	301.24	272.00	12.00	234
435	295.70	151.81	8.00	287.64	142.80	8.00	305.32	161.84	12.00	497
436	297.49	165.41	8.00	290.36	159.12	8.00	303.28	174.76	12.00	266
437	296.38	204.27	8.00	290.36	196.52	8.00	302.60	212.84	12.00	329
438	303.28	254.92	8.00	291.72	245.48	8.00	318.24	266.56	12.00	628
439	300.93	127.17	8.00	292.40	116.96	8.00	310.76	136.68	12.00	454
440	301.96	275.18	8.00	292.40	267.92	8.00	312.12	281.52	12.00	389
441	306.19	72.80	8.00	294.44	63.24	8.00	319.60	84.32	12.00	754
442	303.20	4.94	8.00	296.48	0.00	8.00	310.76	12.92	12.00	240
443	303.38	27.05	8.00	297.16	21.08	8.00	310.76	35.36	12.00	259
444	307.38	178.33	8.00	297.16	170.00	8.00	319.60	187.00	12.00	405
445	304.90	189.73	8.00	297.16	180.20	8.00	315.52	199.24	12.00	550
446	307.43	218.99	8.00	299.20	211.48	8.00	318.92	225.76	12.00	459
447	307.66	236.12	8.00	299.20	225.08	8.00	315.52	250.92	12.00	618
448	303.60	18.03	8.00	299.88	13.60	8.00	308.72	21.76	12.00	108
449	307.83	35.34	8.00	300.56	29.24	8.00	314.84	42.16	12.00	247
450	312.21	118.66	8.00	300.56	108.12	8.00	326.40	129.20	12.00	659
451	310.17	166.39	8.00	300.56	153.00	8.00	321.64	178.84	12.00	600
452	314.41	205.04	8.00	301.24	194.48	8.00	329.80	216.92	12.00	874
453	310.01	264.77	8.00	301.24	256.36	8.00	318.92	273.36	12.00	363
454	308.69	142.07	8.00	301.92	132.60	8.00	317.56	153.68	12.00	453
455	317.06	9.09	8.00	302.60	0.00	8.00	331.16	17.68	12.00	808
456	316.77	86.39	8.00	303.96	76.16	8.00	329.80	98.60	12.00	824
457	312.11	51.72	8.00	306.00	44.88	8.00	322.32	61.20	12.00	346
458	316.88	105.81	8.00	306.00	97.24	8.00	329.12	116.96	12.00	621
459	314.50	22.40	8.00	307.36	17.00	8.00	321.64	29.24	12.00	300
460	316.48	42.86	8.00	307.36	38.08	8.00	326.40	48.28	12.00	295
461	320.18	57.88	8.00	308.04	47.60	8.00	330.48	66.64	12.00	470
462	319.21	152.62	8.00	308.72	140.08	8.00	330.48	165.24	12.00	746
463	316.65	129.67	8.00	310.76	125.12	8.00	323.68	136.00	12.00	189
464	320.32	269.73	8.00	311.44	256.36	8.00	329.12	282.20	12.00	568
465	322.04	231.59	8.00	312.80	219.64	8.00	332.52	244.12	12.00	525
466	319.14	246.62	8.00	312.80	233.92	8.00	326.40	257.04	12.00	448
467	322.69	32.88	8.00	314.16	25.84	8.00	332.52	42.16	12.00	461
468	322.26	194.18	8.00	314.84	188.36	8.00	331.16	200.60	12.00	258
469	329.07	181.99	8.00	315.52	172.04	8.00	342.04	197.20	12.00	875
470	331.01	133.90	8.00	316.20	122.40	8.00	346.80	145.52	12.00	974
471	329.54	94.14	8.00	316.88	85.00	8.00	340.68	103.36	12.00	498
472	326.86	69.71	8.00	317.56	62.56	8.00	338.64	77.52	12.00	453
473	329.44	165.60	8.00	317.56	155.72	8.00	342.72	174.08	12.00	598
474	327.39	216.44	8.00	318.92	206.72	8.00	337.96	223.72	12.00	418
475	327.25	20.90	8.00	320.96	15.64	8.00	335.24	26.52	12.00	244
476	329.56	1.98	8.00	323.68	0.00	8.00	335.24	6.80	12.00	98
477	335.43	107.96	8.00	323.68	93.16	8.00	348.16	123.76	12.00	893
478	330.59	265.53	8.00	324.36	255.68	8.00	338.64	279.48	12.00	477
479	337.46	40.96	8.00	325.04	29.24	8.00	348.16	52.36	12.00	806
480	330.77	227.57	8.00	325.04	222.36	8.00	337.96	234.60	12.00	219
481	331.87	247.53	8.00	325.04	238.68	8.00	340.68	256.36	12.00	403
482	333.58	59.53	8.00	325.72	51.00	8.00	341.36	68.68	12.00	295
483	335.39	13.55	8.00	328.44	6.80	8.00	342.72	22.44	12.00	294
484	337.06	77.78	8.00	328.44	68.00	8.00	348.16	88.40	12.00	505
485	335.65	150.14	8.00	328.44	142.80	8.00	344.76	158.44	12.00	371
486	335.49	206.85	8.00	328.44	199.92	8.00	345.44	213.52	12.00	329
487	340.59	274.98	8.00	329.80	257.72	8.00	348.16	290.36	12.00	800
488	336.52	27.62	8.00	330.48	21.76	8.00	344.76	32.64	12.00	218
489	340.81	196.56	8.00	330.48	188.36	8.00	348.16	208.08	12.00	506
490	340.23	4.01	8.00	331.16	0.00	8.00	348.16	10.88	12.00	261
491	339.21	237.42	8.00	331.84	228.48	8.00	347.48	246.16	12.00	329
492	342.01	55.02	8.00	334.56	48.28	8.00	348.16	65.28	12.00	320
493	342.07	219.11	8.00	334.56	208.08	8.00	348.16	229.84	12.00	464
494	343.32	117.58	8.00	335.92	102.68	8.00	348.16	129.88	12.00	457
495	342.03	21.69	8.00	336.60	16.32	8.00	346.12	27.88	12.00	134
496	343.23	161.44	8.00	336.60	153.00	8.00	348.16	170.00	12.00	308
497	342.78	250.10	8.00	336.60	242.08	8.00	348.16	257.04	12.00	232
498	343.71	180.00	8.00	337.28	169.32	8.00	348.16	189.04	12.00	325
499	344.44	258.54	8.00	338.64	253.64	8.00	348.16	263.84	12.00	132
500	344.79	142.72	8.00	339.32	129.88	8.00	348.16	153.68	12.00	271
501	344.15	86.64	8.00	340.00	77.52	8.00	348.16	94.52	12.00	234
502	345.22	66.66	8.00	340.68	58.48	8.00	348.16	74.80	12.00	145
503	345.05	232.69	8.00	340.68	227.80	8.00	348.16	242.08	12.00	136
504	344.99	12.09	8.00	341.36	6.12	8.00	348.16	17.68	12.00	129
505	346.42	23.90	8.00	344.08	17.68	8.00	348.16	30.60	12.00	73
506	2.41	283.40	12.00	0.00	274.72	12.00	6.80	291.72	16.00	186
507	16.78	291.34	12.00	12.24	285.60	12.00	21.76	297.84	16.00	175
508	178.89	10.73	12.00	174.08	3.40	12.00	184.28	19.04	16.00	239
509	181.18	39.64	12.00	176.80	29.24	12.00	186.32	49.64	16.00	294
510	189.51	26.41	12.00	177.48	14.96	12.00	203.32	37.40	16.00	780
511	184.78	57.02	12.00	178.16	48.28	12.00	195.84	65.96	16.00	382
512	191.21	7.23	12.00	180.88	0.00	12.00	201.28	17.68	16.00	608
513	189.73	73.23	12.00	181.56	60.52	12.00	201.28	88.40	16.00	712
514	194.61	45.10	12.00	184.28	32.64	12.00	204.68	58.48	16.00	759
515	191.44	98.67	12.00	184.96	89.76	12.00	199.92	106.76	16.00	360
516	192.53	114.14	12.00	184.96	106.08	12.00	201.96	125.12	16.00	461
517	198.75	136.78	12.00	187.68	125.12	12.00	214.88	148.24	16.00	851
518	198.85	86.97	12.00	189.72	76.16	12.00	206.72	97.24	16.00	501
519	205.99	15.34	12.00	193.80	0.00	12.00	217.60	31.28	16.00	1005
520	204.84	66.85	12.00	194.48	56.44	12.00	215.56	77.52	16.00	656
521	205.58	120.45	12.00	195.16	112.20	12.00	216.92	130.56	16.00	543
522	207.65	104.85	12.00	195.84	97.24	12.00	219.64	114.24	16.00	678
523	207.00	150.95	12.00	198.56	142.80	12.00	215.56	162.52	16.00	444
524	208.26	53.19	12.00	200.60	46.24	12.00	216.92	61.20	16.00	357
525	208.92	38.57	12.00	203.32	30.60	12.00	214.88	48.28	16.00	342
526	213.86	87.96	12.00	203.32	75.48	12.00	227.80	99.28	16.00	786
527	210.39	129.97	12.00	204.68	125.12	12.00	216.24	136.00	16.00	161
528	215.62	161.66	12.00	206.72	146.20	12.00	223.72	176.12	16.00	672
529	214.76	186.14	12.00	208.08	175.44	12.00	222.36	195.16	16.00	373
530	217.17	2.65	12.00	209.44	0.00	12.00	225.76	8.16	16.00	184
531	217.30	25.47	12.00	210.12	16.32	12.00	224.40	34.00	16.00	355
532	223.84	60.60	12.00	212.16	51.00	12.00	237.32	69.36	16.00	708
533	218.96	123.36	12.00	212.16	117.64	12.00	226.44	131.24	16.00	268
534	219.14	41.74	12.00	213.52	32.64	12.00	226.44	52.36	16.00	397
535	222.22	133.75	12.00	213.52	124.44	12.00	231.88	141.44	16.00	390
536	222.31	74.49	12.00	214.20	68.68	12.00	231.20	82.96	16.00	376
537	228.18	180.16	12.00	214.20	166.60	12.00	241.40	199.24	16.00	1116
538	226.74	145.05	12.00	214.88	137.36	12.00	238.68	153.00	16.00	528
539	222.58	113.65	12.00	215.56	108.12	12.00	231.20	119.68	16.00	252
540	229.48	10.57	12.00	216.24	0.00	12.00	242.08	23.80	16.00	932
541	231.70	103.65	12.00	218.96	91.80	12.00	244.80	115.60	16.00	881
542	227.09	86.23	12.00	221.00	80.24	12.00	233.24	93.16	16.00	248
543	229.13	47.91	12.00	221.68	41.48	12.00	235.28	55.76	16.00	298
544	229.19	31.51	12.00	222.36	21.76	12.00	237.32	41.48	16.00	468
545	228.94	160.00	12.00	222.36	151.64	12.00	238.00	167.96	16.00	442
546	233.93	206.98	12.00	225.76	199.24	12.00	242.76	217.60	16.00	524
547	232.85	125.00	12.00	226.44	114.92	12.00	240.04	136.00	16.00	433
548	241.03	71.76	12.00	228.48	59.84	12.00	254.32	84.32	16.00	938
549	236.84	194.06	12.00	228.48	187.00	12.00	245.48	199.92	16.00	327
550	244.26	90.92	12.00	231.88	80.24	12.00	253.64	104.72	16.00	752
551	240.84	141.24	12.00	231.88	134.64	12.00	250.92	147.56	16.00	301
552	240.72	218.61	12.00	232.56	211.48	12.00	246.84	226.44	16.00	310
553	242.57	155.72	12.00	233.24	145.52	12.00	250.24	167.28	16.00	565
554	243.82	23.18	12.00	233.92	10.88	12.00	255.68	33.32	16.00	610
555	239.97	50.55	12.00	233.92	38.08	12.00	248.20	61.20	16.00	485
556	242.64	37.89	12.00	235.28	29.92	12.00	249.56	48.28	16.00	318
557	244.52	128.40	12.00	237.32	114.92	12.00	253.64	140.76	16.00	586
558	246.68	173.90	12.00	238.00	164.56	12.00	259.08	184.28	16.00	628
559	250.64	4.66	12.00	240.04	0.00	12.00	259.76	12.24	16.00	393
560	255.62	118.25	12.00	240.72	103.36	12.00	272.68	133.28	16.00	1120
561	254.71	186.31	12.00	240.72	177.48	12.00	268.60	195.84	16.00	685
562	250.48	14.63	12.00	241.40	8.16	12.00	257.72	23.12	16.00	289
563	248.77	202.72	12.00	242.08	194.48	12.00	257.72	212.84	16.00	460
564	252.83	216.26	12.00	244.80	201.96	12.00	261.80	229.84	16.00	498
565	251.37	54.84	12.00	246.16	47.60	12.00	259.08	62.56	16.00	272
566	255.20	40.51	12.00	246.84	29.24	12.00	263.16	53.04	16.00	576
567	254.54	154.70	12.00	249.56	143.48	12.00	261.12	165.24	16.00	410
568	260.37	95.40	12.00	250.24	84.32	12.00	271.32	107.44	16.00	722
569	259.34	136.93	12.00	250.24	129.88	12.00	269.96	145.52	16.00	409
570	260.47	78.22	12.00	250.92	68.68	12.00	271.32	87.72	16.00	608
571	258.91	230.69	12.00	250.92	222.36	12.00	265.88	239.36	16.00	370
572	261.78	169.20	12.00	252.28	160.48	12.00	270.64	179.52	16.00	459
573	263.77	63.03	12.00	252.96	51.00	12.00	274.72	74.80	16.00	694
574	257.66	25.52	12.00	253.64	20.40	12.00	261.80	30.60	16.00	108
575	268.16	17.71	12.00	256.36	8.84	12.00	280.16	29.92	16.00	799
576	268.84	145.46	12.00	256.36	135.32	12.00	278.80	154.36	16.00	548
577	266.29	197.62	12.00	256.36	186.32	12.00	277.44	206.72	16.00	596
578	265.06	214.33	12.00	257.04	206.04	12.00	274.72	225.08	16.00	494
579	268.71	4.23	12.00	259.08	0.00	12.00	279.48	10.20	16.00	394
580	265.93	110.27	12.00	259.08	102.00	12.00	273.36	118.32	16.00	309
581	270.22	39.05	12.00	260.44	27.88	12.00	283.56	52.36	16.00	841
582	268.10	156.45	12.00	260.44	151.64	12.00	279.48	164.56	16.00	327
583	271.82	226.68	12.00	264.52	213.52	12.00	283.56	242.76	16.00	614
584	275.67	104.12	12.00	267.24	95.88	12.00	284.24	112.88	16.00	368
585	277.69	54.67	12.00	267.92	42.84	12.00	285.60	65.28	16.00	573
586	275.63	166.81	12.00	267.92	156.40	12.00	286.28	179.52	16.00	512
587	280.85	190.03	12.00	267.92	176.80	12.00	295.80	203.32	16.00	909
588	272.91	118.08	12.00	268.60	111.52	12.00	276.76	125.12	16.00	147
589	279.50	132.05	12.00	269.28	123.76	12.00	291.04	142.12	16.00	607
590	283.86	230.64	12.00	269.28	214.88	12.00	299.20	246.84	16.00	984
591	277.68	80.11	12.00	269.96	72.76	12.00	289.68	89.76	16.00	455
592	281.12	94.64	12.00	271.32	87.72	12.00	293.08	101.32	16.00	425
593	280.40	69.06	12.00	272.00	63.92	12.00	290.36	74.80	16.00	300
594	281.17	208.33	12.00	273.36	199.24	12.00	289.68	216.92	16.00	440
595	282.89	252.57	12.00	274.04	244.80	12.00	293.08	263.16	16.00	520
596	283.46	26.55	12.00	274.72	18.36	12.00	294.44	38.76	16.00	512
597	287.28	177.11	12.00	274.72	164.56	12.00	297.16	189.04	16.00	680
598	281.83	117.18	12.00	275.40	108.12	12.00	289.00	125.80	16.00	357
599	291.34	5.26	12.00	278.12	0.00	12.00	304.64	12.92	16.00	557
600	283.59	147.06	12.00	278.12	139.40	12.00	291.04	157.76	16.00	354
601	286.75	14.48	12.00	278.80	9.52	12.00	295.80	20.40	16.00	305
602	295.89	240.98	12.00	279.48	227.80	12.00	308.72	251.60	16.00	758
603	293.53	87.33	12.00	280.84	72.08	12.00	306.68	100.64	16.00	828
604	294.16	31.93	12.00	281.52	23.12	12.00	307.36	42.84	16.00	491
605	294.77	151.06	12.00	282.20	138.72	12.00	306.68	163.20	16.00	682
606	297.12	106.50	12.00	283.56	97.92	12.00	311.44	116.96	16.00	788
607	300.10	39.45	12.00	284.24	28.56	12.00	312.12	46.24	16.00	567
608	293.25	57.66	12.00	284.24	45.56	12.00	303.28	72.76	16.00	845
609	293.79	258.29	12.00	285.60	250.24	12.00	302.60	268.60	16.00	359
610	297.51	166.27	12.00	286.28	156.40	12.00	307.36	176.12	16.00	542
611	292.26	119.95	12.00	286.96	114.24	12.00	299.88	128.52	16.00	258
612	293.37	136.49	12.00	287.64	130.56	12.00	301.24	142.12	16.00	213
613	293.06	204.06	12.00	287.64	195.84	12.00	299.20	212.84	16.00	269
614	304.16	216.59	12.00	289.00	206.04	12.00	317.56	228.48	16.00	869
615	300.89	128.79	12.00	290.36	121.04	12.00	313.48	137.36	16.00	422
616	306.56	260.96	12.00	291.72	246.16	12.00	323.00	275.40	16.00	1023
617	300.94	18.13	12.00	293.08	10.88	12.00	309.40	24.48	16.00	355
618	304.50	75.03	12.00	293.08	65.28	12.00	314.84	87.04	16.00	655
619	305.47	183.01	12.00	295.80	175.44	12.00	318.24	189.72	16.00	502
620	309.76	196.35	12.00	295.80	188.36	12.00	324.36	208.08	16.00	785
621	301.92	205.41	12.00	295.80	199.92	12.00	310.08	210.80	16.00	189
622	310.36	117.39	12.00	299.20	106.08	12.00	321.64	129.88	16.00	600
623	306.35	57.50	12.00	300.56	50.32	12.00	315.52	67.32	16.00	307
624	307.72	2.73	12.00	301.24	0.00	12.00	316.88	8.16	16.00	169
625	308.95	140.90	12.00	301.24	132.60	12.00	318.24	152.32	16.00	450
626	312.43	47.33	12.00	301.92	41.48	12.00	322.32	54.40	16.00	370
627	308.28	232.13	12.00	301.92	225.08	12.00	315.52	243.44	16.00	314
628	309.21	161.46	12.00	302.60	152.32	12.00	316.88	169.32	16.00	331
629	316.45	11.26	12.00	303.28	0.00	12.00	328.44	24.48	16.00	812
630	311.18	88.99	12.00	303.28	79.56	12.00	318.24	99.28	16.00	436
631	312.10	173.52	12.00	305.32	167.96	12.00	318.24	180.88	16.00	271
632	311.91	25.58	12.00	306.00	21.08	12.00	320.28	31.28	16.00	192
633	318.27	267.92	12.00	306.00	257.72	12.00	328.44	278.12	16.00	504
634	320.23	153.82	12.00	307.36	138.04	12.00	334.56	168.64	16.00	829
635	313.33	61.91	12.00	308.04	55.76	12.00	318.92	68.00	16.00	178
636	320.66	242.22	12.00	308.04	226.44	12.00	332.52	259.76	16.00	1030
637	322.72	99.59	12.00	309.40	85.68	12.00	334.56	113.56	16.00	846
638	316.68	34.89	12.00	310.08	25.84	12.00	325.04	42.16	16.00	325
639	321.88	128.21	12.00	312.80	118.32	12.00	332.52	138.04	16.00	572
640	320.84	277.06	12.00	312.80	272.00	12.00	328.44	282.88	16.00	260
641	329.20	64.84	12.00	313.48	48.28	12.00	348.16	81.60	16.00	1267
642	321.63	217.32	12.00	314.16	208.08	12.00	330.48	227.12	16.00	490
643	323.28	54.47	12.00	315.52	48.96	12.00	331.16	60.52	16.00	261
644	324.88	185.54	12.00	315.52	176.80	12.00	335.24	196.52	16.00	576
645	328.37	201.28	12.00	316.88	193.12	12.00	341.36	209.44	16.00	481
646	326.14	83.92	12.00	318.24	76.16	12.00	337.28	93.16	16.00	386
647	327.29	168.74	12.00	318.24	157.76	12.00	336.60	178.16	16.00	480
648	328.49	29.21	12.00	319.60	21.76	12.00	339.32	37.40	16.00	468
649	325.44	44.24	12.00	319.60	37.40	12.00	332.52	51.00	16.00	231
650	330.43	144.49	12.00	319.60	133.96	12.00	338.64	157.76	16.00	535
651	330.37	112.43	12.00	320.96	100.64	12.00	340.68	124.44	16.00	527
652	331.41	14.69	12.00	323.00	7.48	12.00	340.68	23.12	16.00	441
653	334.67	3.44	12.00	324.36	0.00	12.00	343.40	8.84	16.00	289
654	334.76	215.25	12.00	325.72	199.24	12.00	343.40	229.16	16.00	680
655	333.21	233.85	12.00	325.72	227.80	12.00	342.04	241.40	16.00	340
656	338.15	270.54	12.00	327.08	255.68	12.00	348.16	286.96	16.00	1138
657	339.30	177.30	12.00	327.76	169.32	12.00	348.16	184.28	16.00	373
658	337.65	40.79	12.00	328.44	33.32	12.00	348.16	49.64	16.00	482
659	333.73	245.00	12.00	328.44	240.04	12.00	340.68	251.60	16.00	205
660	340.93	140.20	12.00	330.48	128.52	12.00	348.16	155.72	16.00	683
661	341.67	115.93	12.00	331.16	95.88	12.00	348.16	130.56	16.00	801
662	340.80	251.11	12.00	331.16	240.04	12.00	348.16	259.08	16.00	400
663	341.15	70.56	12.00	331.84	59.16	12.00	348.16	81.60	16.00	443
664	340.86	89.29	12.00	331.84	74.12	12.00	348.16	102.68	16.00	649
665	340.57	22.61	12.00	333.20	15.64	12.00	348.16	33.32	16.00	302
666	341.40	163.79	12.00	333.88	153.00	12.00	348.16	175.44	16.00	496
667	341.25	189.85	12.00	333.88	180.88	12.00	348.16	199.92	16.00	441
668	341.61	239.76	12.00	337.28	233.92	12.00	346.80	245.48	16.00	131
669	344.13	230.00	12.00	339.32	223.04	12.00	348.16	240.04	16.00	230
670	344.20	11.61	12.00	340.00	6.80	12.00	348.16	17.68	16.00	162
671	344.58	48.33	12.00	340.00	42.16	12.00	348.16	53.04	16.00	126
672	344.41	211.93	12.00	340.00	197.20	12.00	348.16	223.72	16.00	362
673	345.01	30.09	12.00	340.68	21.76	12.00	348.16	37.40	16.00	150
674	345.44	3.06	12.00	343.40	0.00	12.00	348.16	6.80	16.00	70
675	184.06	54.74	16.00	178.84	45.56	16.00	190.40	63.24	20.00	262
676	185.72	88.28	16.00	180.20	75.48	16.00	192.44	101.32	20.00	409
677	190.77	47.35	16.00	182.24	36.04	16.00	199.24	60.52	20.00	522
678	192.51	7.08	16.00	182.92	0.00	16.00	204.68	17.68	20.00	607
679	190.20	27.87	16.00	182.92	17.68	16.00	199.92	37.40	20.00	488
680	191.47	65.42	16.00	184.28	59.84	16.00	199.24	70.72	20.00	298
681	190.33	74.01	16.00	184.28	70.04	16.00	199.24	80.92	20.00	219
682	196.18	82.50	16.00	187.68	74.12	16.00	204.68	91.12	20.00	396
683	194.50	114.57	16.00	188.36	106.76	16.00	202.64	123.76	20.00	313
684	198.98	18.33	16.00	189.04	9.52	16.00	208.08	27.88	20.00	413
685	205.55	106.52	16.00	190.40	99.96	16.00	221.00	116.28	20.00	723
686	201.31	137.32	16.00	191.08	127.84	16.00	212.16	148.92	20.00	623
687	199.11	94.91	16.00	191.76	86.36	16.00	207.40	102.00	20.00	353
688	201.22	44.28	16.00	193.80	31.96	16.00	209.44	55.08	20.00	507
689	204.29	121.77	16.00	195.84	115.60	16.00	212.84	129.20	20.00	332
690	205.04	59.18	16.00	196.52	54.40	16.00	212.84	64.60	20.00	283
691	206.13	70.42	16.00	198.56	63.24	16.00	216.24	79.56	20.00	449
692	210.19	31.54	16.00	199.92	21.76	16.00	222.36	40.12	20.00	571
693	209.99	9.47	16.00	203.32	0.00	16.00	217.60	22.44	20.00	516
694	213.37	93.93	16.00	203.32	85.00	16.00	225.76	101.32	20.00	478
695	212.60	81.74	16.00	204.00	75.48	16.00	220.32	89.76	20.00	359
696	215.32	147.05	16.00	204.68	136.68	16.00	226.44	157.76	20.00	678
697	213.93	46.53	16.00	206.04	38.76	16.00	222.36	57.12	20.00	441
698	214.21	127.14	16.00	206.04	119.68	16.00	223.72	137.36	20.00	358
699	212.68	163.16	16.00	206.72	156.40	16.00	218.28	174.08	20.00	293
700	217.25	184.32	16.00	208.76	173.40	16.00	226.44	195.16	20.00	591
701	223.85	27.13	16.00	211.48	14.96	16.00	235.96	39.44	20.00	730
702	224.38	62.15	16.00	212.16	46.92	16.00	238.68	78.20	20.00	1168
703	223.62	110.90	16.00	212.16	98.60	16.00	234.60	121.04	20.00	690
704	225.15	131.29	16.00	214.88	119.68	16.00	235.28	141.44	20.00	546
705	227.10	160.85	16.00	215.56	148.24	16.00	240.72	175.44	20.00	913
706	225.24	9.95	16.00	216.24	0.00	16.00	236.64	21.08	20.00	676
707	226.49	86.35	16.00	218.96	76.16	16.00	235.28	99.28	20.00	551
708	226.91	43.03	16.00	221.68	38.08	16.00	232.56	48.28	20.00	203
709	232.13	173.01	16.00	223.04	164.56	16.00	240.04	180.88	20.00	384
710	232.11	185.00	16.00	223.04	177.48	16.00	242.76	193.80	20.00	426
711	238.01	195.33	16.00	225.08	184.28	16.00	253.64	206.04	20.00	752
712	231.49	145.55	16.00	225.76	140.08	16.00	238.68	150.96	20.00	209
713	233.99	2.13	16.00	226.44	0.00	16.00	241.40	6.80	20.00	135
714	234.69	210.52	16.00	227.12	203.32	16.00	242.08	219.64	20.00	359
715	239.42	98.79	16.00	227.80	89.76	16.00	252.96	106.76	20.00	577
716	238.38	126.07	16.00	229.16	119.00	16.00	248.88	133.28	20.00	384
717	239.78	70.70	16.00	229.84	58.48	16.00	249.56	80.92	20.00	599
718	238.73	114.59	16.00	229.84	106.08	16.00	246.84	123.08	20.00	406
719	238.94	44.80	16.00	230.52	30.60	16.00	247.52	59.16	20.00	699
720	241.54	139.06	16.00	230.52	131.24	16.00	251.60	150.28	20.00	532
721	242.96	21.07	16.00	231.20	10.88	16.00	255.00	31.28	20.00	785
722	240.99	84.49	16.00	232.56	78.88	16.00	252.28	91.12	20.00	335
723	241.68	6.09	16.00	234.60	0.00	16.00	247.52	11.56	20.00	241
724	243.86	165.46	16.00	238.00	159.12	16.00	251.60	173.40	20.00	275
725	248.15	152.46	16.00	238.68	143.48	16.00	257.72	162.52	20.00	514
726	250.53	178.93	16.00	238.68	165.92	16.00	260.44	190.40	20.00	706
727	251.53	207.63	16.00	238.68	189.72	16.00	265.20	228.48	20.00	1313
728	252.62	117.29	16.00	241.40	102.68	16.00	263.84	131.24	20.00	806
729	246.12	36.78	16.00	242.08	30.60	16.00	250.24	44.88	20.00	180
730	248.40	62.31	16.00	242.08	55.76	16.00	255.68	70.72	20.00	213
731	247.83	92.21	16.00	242.08	88.40	16.00	252.96	97.92	20.00	171
732	253.54	75.48	16.00	246.16	66.64	16.00	261.80	85.00	20.00	395
733	253.07	5.08	16.00	246.84	0.00	16.00	261.12	12.92	20.00	307
734	254.70	49.16	16.00	246.84	42.84	16.00	265.20	57.12	20.00	420
735	255.18	36.60	16.00	249.56	28.56	16.00	262.48	44.20	20.00	351
736	259.06	137.49	16.00	249.56	127.84	16.00	270.64	148.92	20.00	594
737	255.20	20.49	16.00	250.92	13.60	16.00	259.76	28.56	20.00	170
738	262.09	61.06	16.00	250.92	51.00	16.00	272.68	71.40	20.00	611
739	257.29	231.54	16.00	250.92	225.76	16.00	263.16	238.68	20.00	237
740	262.27	92.99	16.00	251.60	82.28	16.00	276.76	104.72	20.00	852
741	262.06	164.22	16.00	251.60	149.60	16.00	276.08	177.48	20.00	777
742	263.85	11.42	16.00	252.96	4.76	16.00	274.04	19.04	20.00	427
743	262.71	216.52	16.00	253.64	202.64	16.00	271.32	228.48	20.00	595
744	263.04	110.32	16.00	255.68	102.68	16.00	270.64	119.00	20.00	373
745	265.35	24.46	16.00	256.36	17.68	16.00	277.44	31.96	20.00	380
746	266.55	77.14	16.00	257.72	69.36	16.00	275.40	85.68	20.00	428
747	271.52	150.46	16.00	257.72	140.08	16.00	281.52	162.52	20.00	785
748	267.39	180.18	16.00	259.76	170.00	16.00	277.44	192.44	20.00	505
749	268.29	35.38	16.00	260.44	28.56	16.00	279.48	45.56	20.00	412
750	265.58	2.36	16.00	261.12	0.00	16.00	270.64	5.44	20.00	111
751	270.25	229.44	16.00	261.80	217.60	16.00	280.16	243.44	20.00	592
752	270.76	129.36	16.00	262.48	116.96	16.00	281.52	140.76	20.00	517
753	275.24	42.66	16.00	264.52	31.28	16.00	284.92	52.36	20.00	481
754	276.59	205.44	16.00	264.52	193.12	16.00	290.36	219.64	20.00	956
755	280.84	187.13	16.00	265.20	176.80	16.00	294.44	197.88	20.00	793
756	275.22	105.26	16.00	266.56	94.52	16.00	285.60	116.96	20.00	508
757	277.20	55.71	16.00	268.60	47.60	16.00	285.60	63.92	20.00	468
758	277.70	240.98	16.00	269.28	232.56	16.00	288.32	249.56	20.00	401
759	277.26	16.51	16.00	269.96	7.48	16.00	284.92	29.24	20.00	447
760	276.32	3.49	16.00	270.64	0.00	16.00	282.88	8.16	20.00	191
761	281.00	68.84	16.00	271.32	61.88	16.00	292.40	76.16	20.00	450
762	277.78	81.53	16.00	271.32	74.80	16.00	286.28	90.44	20.00	304
763	277.91	123.58	16.00	271.32	115.60	16.00	285.60	133.28	20.00	326
764	280.65	169.29	16.00	273.36	159.80	16.00	289.00	177.48	20.00	410
765	281.66	114.66	16.00	274.72	108.80	16.00	286.96	121.72	20.00	195
766	281.23	253.03	16.00	275.40	247.52	16.00	288.32	259.76	20.00	224
767	289.35	95.76	16.00	276.08	89.08	16.00	306.00	104.72	20.00	626
768	288.07	225.66	16.00	276.08	213.52	16.00	299.88	239.36	20.00	843
769	294.19	136.60	16.00	278.80	126.48	16.00	308.72	144.16	20.00	770
770	289.39	30.98	16.00	279.48	25.16	16.00	301.92	36.72	20.00	383
771	290.15	21.35	16.00	280.16	11.56	16.00	302.60	29.24	20.00	451
772	293.58	82.70	16.00	280.16	71.40	16.00	306.00	91.80	20.00	793
773	293.06	150.84	16.00	280.84	142.12	16.00	308.72	161.16	20.00	898
774	289.60	259.86	16.00	281.52	252.96	16.00	297.16	267.92	20.00	327
775	287.61	2.90	16.00	282.20	0.00	16.00	296.48	8.84	20.00	175
776	297.66	38.45	16.00	282.20	30.60	16.00	311.44	44.20	20.00	524
777	290.26	246.24	16.00	282.20	239.36	16.00	297.84	252.96	20.00	326
778	294.03	48.22	16.00	282.88	42.16	16.00	307.36	55.76	20.00	459
779	288.77	127.63	16.00	283.56	123.76	16.00	296.48	131.92	20.00	161
780	298.67	5.27	16.00	284.24	0.00	16.00	314.84	12.24	20.00	445
781	291.87	165.97	16.00	284.24	159.80	16.00	300.56	172.72	20.00	305
782	289.68	106.66	16.00	284.92	102.68	16.00	294.44	110.84	20.00	142
783	292.22	118.14	16.00	284.92	110.84	16.00	301.24	127.16	20.00	387
784	297.15	204.22	16.00	284.92	191.76	16.00	314.84	216.24	20.00	872
785	292.18	61.77	16.00	285.60	53.72	16.00	298.52	72.76	20.00	390
786	294.29	176.16	16.00	286.96	172.04	16.00	301.92	181.56	20.00	250
787	298.21	15.40	16.00	289.00	9.52	16.00	306.00	23.12	20.00	299
788	299.63	238.94	16.00	289.00	229.16	16.00	309.40	249.56	20.00	464
789	298.06	185.70	16.00	291.72	180.20	16.00	306.00	192.44	20.00	264
790	301.15	266.63	16.00	291.72	258.40	16.00	310.76	275.40	20.00	481
791	301.50	105.91	16.00	293.76	94.52	16.00	308.72	116.28	20.00	476
792	304.15	251.77	16.00	294.44	244.80	16.00	314.16	259.76	20.00	377
793	302.31	165.62	16.00	295.80	157.76	16.00	310.76	174.08	20.00	292
794	306.74	216.80	16.00	296.48	208.76	16.00	316.20	224.40	20.00	439
795	311.06	196.67	16.00	297.16	187.68	16.00	323.68	209.44	20.00	669
796	309.21	49.55	16.00	297.84	39.44	16.00	318.24	58.48	20.00	438
797	301.12	62.72	16.00	297.84	55.76	16.00	307.36	73.44	20.00	212
798	303.96	124.82	16.00	297.84	118.32	16.00	312.12	131.24	20.00	247
799	311.68	64.23	16.00	298.52	51.68	16.00	327.76	78.88	20.00	697
800	312.70	232.52	16.00	299.20	222.36	16.00	325.72	247.52	20.00	808
801	308.71	118.56	16.00	300.56	112.88	16.00	315.52	126.48	20.00	223
802	306.92	177.21	16.00	300.56	171.36	16.00	314.84	184.96	20.00	243
803	310.53	25.99	16.00	301.24	18.36	16.00	320.96	35.36	20.00	440
804	308.79	12.50	16.00	302.60	2.72	16.00	314.16	21.76	20.00	289
805	313.95	154.87	16.00	302.60	143.48	16.00	325.72	169.32	20.00	753
806	317.92	78.96	16.00	303.96	66.64	16.00	336.60	89.76	20.00	699
807	310.03	258.13	16.00	304.64	252.28	16.00	314.84	263.84	20.00	150
808	322.27	97.16	16.00	305.32	81.60	16.00	336.60	116.28	20.00	1328
809	322.21	130.31	16.00	306.00	112.88	16.00	338.64	146.88	20.00	1586
810	315.09	184.76	16.00	306.00	176.12	16.00	323.68	192.44	20.00	394
811	315.67	274.94	16.00	306.00	267.92	16.00	324.36	283.56	20.00	407
812	322.95	66.67	16.00	306.68	56.44	16.00	335.24	76.84	20.00	487
813	313.35	109.49	16.00	307.36	101.32	16.00	322.32	116.28	20.00	279
814	320.30	32.77	16.00	310.08	24.48	16.00	330.48	40.80	20.00	422
815	318.06	168.16	16.00	310.76	160.48	16.00	325.72	177.48	20.00	370
816	317.86	259.28	16.00	310.76	249.56	16.00	325.72	268.60	20.00	398
817	319.10	8.45	16.00	312.12	0.00	16.00	328.44	19.72	20.00	489
818	321.68	218.42	16.00	313.48	208.76	16.00	331.84	230.52	20.00	509
819	319.71	244.33	16.00	313.48	239.36	16.00	326.40	250.24	20.00	213
820	328.13	45.52	16.00	315.52	35.36	16.00	342.04	57.12	20.00	863
821	327.58	205.06	16.00	317.56	195.16	16.00	337.96	213.52	20.00	467
822	327.66	15.85	16.00	318.92	7.48	16.00	337.28	25.16	20.00	387
823	327.17	176.03	16.00	318.92	161.84	16.00	335.24	190.40	20.00	568
824	327.93	250.01	16.00	318.92	244.12	16.00	336.60	255.68	20.00	254
825	327.42	262.80	16.00	319.60	254.32	16.00	335.24	273.36	20.00	340
826	328.82	275.50	16.00	323.00	267.24	16.00	334.56	282.88	20.00	285
827	338.10	185.86	16.00	323.68	175.44	16.00	348.16	193.80	20.00	586
828	337.71	197.72	16.00	323.68	191.76	16.00	348.16	206.04	20.00	506
829	331.91	154.45	16.00	324.36	145.52	16.00	344.08	161.84	20.00	445
830	337.01	236.89	16.00	325.04	226.44	16.00	348.16	249.56	20.00	932
831	332.99	3.78	16.00	325.72	0.00	16.00	339.32	10.20	20.00	230
832	334.55	77.09	16.00	325.72	68.68	16.00	343.40	83.64	20.00	318
833	336.99	21.92	16.00	326.40	8.84	16.00	348.16	36.04	20.00	684
834	340.24	168.23	16.00	326.40	159.12	16.00	348.16	180.20	20.00	602
835	331.77	221.53	16.00	327.08	213.52	16.00	336.60	229.16	20.00	246
836	338.91	135.80	16.00	329.12	121.72	16.00	347.48	146.88	20.00	567
837	338.50	92.36	16.00	330.48	81.60	16.00	348.16	106.08	20.00	509
838	341.43	109.29	16.00	331.84	90.44	16.00	348.16	123.76	20.00	764
839	338.53	268.92	16.00	331.84	256.36	16.00	346.80	284.24	20.00	587
840	338.96	59.56	16.00	333.20	53.72	16.00	348.16	67.32	20.00	269
841	342.67	150.62	16.00	333.88	143.48	16.00	348.16	160.48	20.00	305
842	341.72	215.89	16.00	333.88	204.68	16.00	348.16	227.80	20.00	555
843	341.64	251.66	16.00	333.88	246.16	16.00	348.16	257.72	20.00	258
844	343.41	31.20	16.00	336.60	19.72	16.00	348.16	40.80	20.00	348
845	343.15	48.23	16.00	336.60	39.44	16.00	348.16	57.12	20.00	314
846	343.39	67.75	16.00	336.60	57.80	16.00	348.16	76.16	20.00	254
847	343.64	5.07	16.00	339.32	0.00	16.00	348.16	12.24	20.00	205
848	345.04	78.89	16.00	341.36	73.44	16.00	348.16	84.32	20.00	117
849	345.14	277.70	16.00	341.36	265.88	16.00	348.16	288.32	20.00	232
850	346.08	259.52	16.00	343.40	255.00	16.00	348.16	265.88	20.00	71
851	346.34	132.61	16.00	344.76	123.08	16.00	348.16	143.48	20.00	120
852	187.04	87.31	20.00	181.56	76.84	20.00	193.12	97.92	24.00	364
853	190.18	19.10	20.00	182.24	3.40	20.00	199.24	34.00	24.00	716
854	192.48	52.21	20.00	183.60	38.08	20.00	204.68	64.60	24.00	597
855	199.47	74.14	20.00	187.68	59.84	20.00	212.16	89.08	24.00	1022
856	196.52	4.44	20.00	189.04	0.00	20.00	204.00	11.56	24.00	280
857	201.64	43.00	20.00	191.08	27.88	20.00	212.16	59.84	24.00	842
858	200.28	94.60	20.00	192.44	87.72	20.00	210.12	101.32	24.00	369
859	205.32	106.87	20.00	192.44	99.28	20.00	220.32	117.64	24.00	722
860	201.75	119.35	20.00	193.12	110.84	20.00	210.80	128.52	24.00	398
861	204.69	15.98	20.00	196.52	6.80	20.00	215.56	27.88	24.00	521
862	209.76	27.20	20.00	200.60	17.00	20.00	218.96	38.08	24.00	406
863	209.68	4.31	20.00	203.32	0.00	20.00	216.24	10.88	24.00	241
864	212.81	89.86	20.00	203.32	76.84	20.00	222.36	103.36	24.00	665
865	217.15	66.19	20.00	205.36	51.00	20.00	230.52	78.88	24.00	825
866	217.93	144.81	20.00	205.36	133.96	20.00	234.60	157.08	24.00	954
867	215.70	39.07	20.00	209.44	26.52	20.00	221.68	51.68	24.00	452
868	221.34	115.28	20.00	209.44	102.68	20.00	233.24	128.52	24.00	809
869	226.17	130.45	20.00	210.80	121.04	20.00	241.40	140.76	24.00	781
870	225.68	160.07	20.00	211.48	147.56	20.00	240.04	174.08	24.00	968
871	218.49	183.68	20.00	211.48	172.72	20.00	225.76	193.80	24.00	481
872	221.24	21.45	20.00	214.20	14.28	20.00	229.16	29.24	24.00	264
873	225.24	10.84	20.00	214.88	0.00	20.00	236.64	21.76	24.00	633
874	226.66	83.80	20.00	215.56	75.48	20.00	237.32	92.48	24.00	528
875	226.71	1.59	20.00	217.60	0.00	20.00	233.92	4.76	24.00	116
876	228.33	59.54	20.00	217.60	50.32	20.00	239.36	74.12	24.00	622
877	228.69	38.79	20.00	218.96	21.08	20.00	238.68	52.36	24.00	904
878	227.64	96.13	20.00	221.00	89.76	20.00	235.28	103.36	24.00	329
879	232.38	173.80	20.00	221.00	163.20	20.00	242.08	182.24	24.00	547
880	233.55	187.76	20.00	225.76	180.20	20.00	244.12	199.24	24.00	503
881	240.28	106.06	20.00	228.48	99.96	20.00	252.96	113.56	24.00	505
882	238.67	72.43	20.00	230.52	63.92	20.00	246.16	79.56	24.00	346
883	245.31	24.03	20.00	231.88	11.56	20.00	257.04	36.04	24.00	990
884	245.39	198.75	20.00	231.88	187.68	20.00	261.12	212.84	24.00	1030
885	240.01	5.84	20.00	232.56	0.00	20.00	249.56	15.64	24.00	390
886	244.34	119.51	20.00	232.56	110.84	20.00	257.04	129.88	24.00	787
887	242.21	138.43	20.00	232.56	129.88	20.00	250.92	148.92	24.00	501
888	243.70	56.18	20.00	234.60	49.64	20.00	253.64	63.92	24.00	400
889	241.55	84.44	20.00	234.60	78.20	20.00	251.60	91.80	24.00	304
890	244.05	95.12	20.00	234.60	87.04	20.00	252.96	102.00	24.00	430
891	242.86	41.53	20.00	236.64	33.32	20.00	252.28	51.00	24.00	408
892	248.86	150.49	20.00	237.32	142.12	20.00	260.44	158.44	24.00	522
893	249.99	171.47	20.00	237.32	155.72	20.00	263.16	188.36	24.00	1298
894	256.52	209.86	20.00	238.68	193.80	20.00	269.96	224.40	24.00	1049
895	252.01	73.89	20.00	241.40	61.88	20.00	261.80	87.72	24.00	731
896	250.32	9.06	20.00	244.80	2.72	20.00	255.68	14.96	24.00	171
897	255.08	45.02	20.00	246.16	34.68	20.00	263.84	55.08	24.00	502
898	254.31	2.33	20.00	248.88	0.00	20.00	260.44	7.48	24.00	118
899	258.83	137.06	20.00	250.24	123.08	20.00	270.64	149.60	24.00	700
900	260.77	222.36	20.00	250.92	216.92	20.00	272.00	230.52	24.00	403
901	261.98	60.26	20.00	251.60	50.32	20.00	272.00	70.72	24.00	616
902	262.10	93.39	20.00	251.60	82.96	20.00	274.72	104.04	24.00	806
903	261.64	110.35	20.00	252.28	102.68	20.00	272.68	120.36	24.00	565
904	265.78	8.93	20.00	254.32	0.00	20.00	282.88	19.04	24.00	689
905	263.71	25.47	20.00	255.68	17.00	20.00	275.40	35.36	24.00	536
906	270.13	129.05	20.00	256.36	116.28	20.00	282.88	142.80	24.00	804
907	266.84	230.95	20.00	257.04	219.64	20.00	274.72	241.40	24.00	423
908	265.45	159.34	20.00	257.72	149.60	20.00	276.76	167.96	24.00	430
909	270.09	188.23	20.00	258.40	181.56	20.00	282.88	197.20	24.00	548
910	273.59	40.23	20.00	259.76	26.52	20.00	286.28	53.04	24.00	1036
911	268.76	174.69	20.00	259.76	163.88	20.00	278.80	183.60	24.00	593
912	268.16	76.55	20.00	261.12	67.32	20.00	277.44	85.00	24.00	414
913	273.15	149.69	20.00	261.80	141.44	20.00	281.52	159.80	24.00	514
914	276.38	1.87	20.00	267.92	0.00	20.00	284.24	5.44	24.00	138
915	277.35	105.47	20.00	268.60	96.56	20.00	289.00	113.56	24.00	431
916	276.36	204.83	20.00	268.60	190.40	20.00	286.28	220.32	24.00	797
917	277.88	239.77	20.00	268.60	231.20	20.00	286.28	250.24	24.00	519
918	276.70	17.11	20.00	269.28	9.52	20.00	283.56	27.88	24.00	371
919	276.97	56.32	20.00	269.96	49.64	20.00	286.28	63.24	24.00	330
920	282.78	70.45	20.00	269.96	60.52	20.00	297.84	81.60	24.00	803
921	278.00	118.89	20.00	270.64	110.84	20.00	285.60	128.52	24.00	366
922	285.27	94.28	20.00	272.00	80.92	20.00	306.00	106.76	24.00	897
923	282.74	223.96	20.00	272.68	216.24	20.00	294.44	231.88	24.00	492
924	281.52	169.32	20.00	274.72	157.76	20.00	288.32	182.92	24.00	498
925	288.14	26.26	20.00	279.48	17.00	20.00	298.52	35.36	24.00	500
926	295.05	137.77	20.00	279.48	126.48	20.00	308.72	146.20	24.00	815
927	289.57	152.14	20.00	280.16	144.16	20.00	300.56	161.84	24.00	577
928	295.09	85.66	20.00	280.84	76.16	20.00	307.36	95.88	24.00	653
929	287.28	127.93	20.00	280.84	122.40	20.00	295.80	133.96	24.00	261
930	295.73	186.26	20.00	281.52	175.44	20.00	311.44	198.56	24.00	986
931	288.18	204.12	20.00	281.52	193.12	20.00	297.16	216.92	24.00	491
932	292.39	245.53	20.00	282.20	236.64	20.00	302.60	253.64	24.00	398
933	295.79	4.14	20.00	282.88	0.00	20.00	310.08	10.88	24.00	492
934	293.50	14.34	20.00	282.88	8.16	20.00	305.32	23.12	24.00	508
935	292.85	49.79	20.00	282.88	39.44	20.00	305.32	63.24	24.00	640
936	296.26	117.30	20.00	283.56	106.08	20.00	314.84	127.16	24.00	768
937	294.09	231.14	20.00	284.24	221.00	20.00	306.00	242.76	24.00	587
938	299.45	254.71	20.00	284.24	242.08	20.00	313.48	268.60	24.00	825
939	294.73	37.31	20.00	285.60	31.28	20.00	304.64	42.84	24.00	348
940	298.07	164.86	20.00	286.28	157.76	20.00	307.36	174.76	24.00	493
941	294.67	173.26	20.00	287.64	167.96	20.00	305.32	178.16	24.00	233
942	304.35	212.28	20.00	288.32	197.88	20.00	322.32	223.04	24.00	1148
943	304.13	53.72	20.00	290.36	40.80	20.00	318.92	67.32	24.00	624
944	301.05	67.87	20.00	293.08	59.84	20.00	308.72	76.84	24.00	325
945	300.67	106.64	20.00	293.08	96.56	20.00	306.68	115.60	24.00	332
946	302.78	26.45	20.00	297.16	17.68	20.00	309.40	36.04	24.00	294
947	312.86	73.69	20.00	298.52	59.84	20.00	327.08	89.08	24.00	829
948	304.74	152.33	20.00	298.52	145.52	20.00	312.80	159.80	24.00	324
949	304.37	235.43	20.00	298.52	223.04	20.00	309.40	244.80	24.00	252
950	313.32	199.93	20.00	299.88	192.44	20.00	322.32	210.80	24.00	501
951	308.59	125.23	20.00	301.24	119.68	20.00	314.84	131.24	24.00	195
952	314.52	258.33	20.00	302.60	245.48	20.00	326.40	269.96	24.00	770
953	313.17	9.76	20.00	303.96	0.68	20.00	322.32	18.36	24.00	452
954	313.34	32.50	20.00	303.96	27.20	20.00	323.00	38.76	24.00	274
955	310.82	21.89	20.00	304.64	14.96	20.00	317.56	29.24	24.00	254
956	321.56	40.18	20.00	304.64	33.32	20.00	338.64	46.92	24.00	566
957	314.19	108.80	20.00	305.32	95.88	20.00	329.12	118.32	24.00	549
958	315.41	184.78	20.00	305.32	174.76	20.00	325.72	195.16	24.00	569
959	315.41	274.10	20.00	305.32	267.92	20.00	324.36	282.20	24.00	379
960	318.15	97.25	20.00	306.00	86.36	20.00	328.44	111.52	24.00	701
961	312.16	61.04	20.00	306.68	53.72	20.00	318.92	68.68	24.00	237
962	316.46	168.18	20.00	306.68	155.04	20.00	329.80	180.20	24.00	815
963	314.80	233.84	20.00	306.68	222.36	20.00	325.04	246.16	24.00	648
964	318.03	1.64	20.00	310.08	0.00	20.00	324.36	4.76	24.00	108
965	319.00	82.84	20.00	310.08	76.16	20.00	326.40	88.40	24.00	257
966	324.92	51.69	20.00	313.48	43.52	20.00	336.60	59.84	24.00	538
967	321.30	21.51	20.00	316.20	14.96	20.00	327.76	29.24	24.00	258
968	325.66	224.38	20.00	316.88	214.88	20.00	335.92	235.28	24.00	486
969	327.35	205.55	20.00	318.92	194.48	20.00	337.96	216.92	24.00	548
970	328.71	247.28	20.00	318.92	239.36	20.00	339.32	254.32	24.00	385
971	329.51	260.31	20.00	320.28	252.96	20.00	339.32	270.64	24.00	410
972	326.59	9.05	20.00	320.96	3.40	20.00	335.92	16.32	24.00	251
973	329.31	29.29	20.00	322.32	22.44	20.00	337.96	37.40	24.00	308
974	330.86	65.42	20.00	322.32	55.08	20.00	341.36	78.20	24.00	497
975	331.36	272.55	20.00	322.32	263.16	20.00	340.68	281.52	24.00	517
976	330.19	183.15	20.00	323.00	172.04	20.00	337.96	194.48	24.00	491
977	333.25	2.24	20.00	324.36	0.00	20.00	342.72	6.12	24.00	191
978	334.32	99.73	20.00	324.36	85.68	20.00	348.16	117.64	24.00	982
979	337.96	74.79	20.00	325.04	61.20	20.00	348.16	86.36	24.00	792
980	335.21	234.24	20.00	325.04	225.08	20.00	346.12	244.80	24.00	541
981	334.94	15.65	20.00	325.72	6.12	20.00	344.08	25.84	24.00	459
982	339.62	196.92	20.00	326.40	189.04	20.00	348.16	206.04	24.00	491
983	340.12	215.48	20.00	329.12	204.00	20.00	348.16	227.80	24.00	685
984	340.16	33.71	20.00	332.52	27.20	20.00	348.16	40.80	24.00	322
985	339.20	50.19	20.00	333.20	43.52	20.00	346.80	56.44	24.00	225
986	343.43	86.80	20.00	336.60	78.88	20.00	348.16	94.52	24.00	242
987	341.82	184.93	20.00	336.60	177.48	20.00	348.16	191.08	24.00	263
988	343.24	242.45	20.00	336.60	227.80	20.00	348.16	253.64	24.00	399
989	343.51	22.62	20.00	337.96	14.28	20.00	348.16	29.92	24.00	243
990	343.81	42.49	20.00	337.96	36.72	20.00	348.16	48.96	24.00	163
991	343.21	262.87	20.00	337.96	250.24	20.00	348.16	274.72	24.00	445
992	343.76	279.52	20.00	337.96	273.36	20.00	348.16	286.96	24.00	210
993	344.46	6.95	20.00	339.32	0.00	20.00	348.16	17.00	24.00	219
994	344.70	56.36	20.00	340.00	48.96	20.00	348.16	62.56	24.00	160
995	344.36	109.65	20.00	340.00	96.56	20.00	348.16	120.36	24.00	315
